{
  "acls":[
    {
      "all":true,
      "type":"admin",
      "user":"adminqa"
    },
    {
      "dest":"CDC.SHXP.CLAIM",
      "durable":true,
      "publish":true,
      "subscribe":true,
      "type":"topic",
      "use_durable":true,
      "user":"adminqa",
      "view":true
    },
    {
      "change-acl":true,
      "change-admin-acl":true,
      "change-connection":true,
      "change-durable":true,
      "change-factory":true,
      "change-group":true,
      "change-message":true,
      "change-route":true,
      "change-server":true,
      "change-user":true,
      "create-destination":true,
      "delete-destination":true,
      "modify-destination":true,
      "purge-destination":true,
      "purge-durable":true,
      "type":"admin",
      "user":"ttrcdc",
      "view-all":true
    },
    {
      "create":true,
      "delete":true,
      "dest":"PS.PURCHASEORDERS.V2",
      "durable":true,
      "modify":true,
      "publish":true,
      "purge":true,
      "subscribe":true,
      "type":"topic",
      "use_durable":true,
      "user":"shawtrax",
      "view":true
    },
    {
      "create":true,
      "delete":true,
      "dest":"PS.SUPPLIERS",
      "durable":true,
      "modify":true,
      "publish":true,
      "purge":true,
      "subscribe":true,
      "type":"topic",
      "use_durable":true,
      "user":"shawtrax",
      "view":true
    }
  ],
  "bridges":[
    {
      "destinations":[
        {
          "queue":"Q.EBX.CUSTOMER.CREATE.ORCF"
        },
        {
          "queue":"Q.EBX.CUSTOMER.UPSERT"
        },
        {
          "queue":"Q.EBX.CUSTOMER.CREATE.CMMS.DEV"
        },
        {
          "queue":"Q.EBX.CUSTOMER.CREATE.COMSEDL"
        }
      ],
      "topic":"T.EBX.CUSTOMER.CREATE"
    },
    {
      "destinations":[
        {
          "queue":"Q.EBX.PRODUCT.SELLING"
        },
        {
          "queue":"Q.EBX.PRODUCT.SELLINGTOEPM"
        }
      ],
      "topic":"T.EBX.PRODUCT.SELLING"
    },
    {
      "destinations":[
        {
          "queue":"Q.EBX.SALES.REFERENCEDATA"
        }
      ],
      "topic":"T.EBX.SALES.REFERENCEDATA"
    },
    {
      "destinations":[
        {
          "queue":"Q.EBX.PRODUCT.REFERENCEDATA"
        }
      ],
      "topic":"T.EBX.PRODUCT.REFERENCEDATA"
    },
    {
      "destinations":[
        {
          "queue":"Q.CDC.SHXP.FS_CREDIT_LINE"
        }
      ],
      "topic":"CDC.SHXP.FS_CREDIT_LINE"
    },
    {
      "destinations":[
        {
          "queue":"Q.EBX.SITE.UPSERT.LEGACY"
        },
        {
          "queue":"Q.EBX.FACILITY.UPSERT.LEGACY.OCR"
        }
      ],
      "topic":"T.EBX.SITE.UPSERT"
    },
    {
      "destinations":[
        {
          "queue":"Q.EBX.FACILITY.UPSERT.LEGACY"
        },
        {
          "queue":"Q.EBX.FACILITY.UPSERT.LEGACY.OCR"
        }
      ],
      "topic":"T.EBX.FACILITY.UPSERT"
    },
    {
      "destinations":[
        {
          "queue":"Q.EBX.FACILITY.REFERENCEDATA"
        }
      ],
      "topic":"T.EBX.FACILITY.REFERENCEDATA"
    },
    {
      "destinations":[
        {
          "queue":"Q.EBX.FINS.REFERENCEDATA"
        }
      ],
      "topic":"T.EBX.FINS.REFERENCEDATA"
    },
    {
      "destinations":[
        {
          "queue":"CDC.SHXP.PRODUCT"
        }
      ],
      "topic":"CDC.SHXP.PRODUCT"
    },
    {
      "destinations":[
        {
          "queue":"Q.EBX.INVENTORY.CREATE"
        }
      ],
      "topic":"T.EBX.INVENTORY.CREATE"
    },
    {
      "destinations":[
        {
          "queue":"Q.EBX.SITE.UPSERT.LEGACY.QA2"
        }
      ],
      "topic":"T.EBX.SITE.UPSERT.QA2"
    },
    {
      "destinations":[
        {
          "queue":"Q.EBX.SALES.REFERENCEDATA.QA2"
        }
      ],
      "topic":"T.EBX.SALES.REFERENCEDATA.QA2"
    },
    {
      "destinations":[
        {
          "queue":"Q.EBX.PRODUCT.SELLING.QA2"
        },
        {
          "queue":"Q.EBX.PRODUCT.SELLINGTOEPM.QA2"
        }
      ],
      "topic":"T.EBX.PRODUCT.SELLING.QA2"
    },
    {
      "destinations":[
        {
          "queue":"Q.EBX.PRODUCT.REFERENCEDATA.QA2"
        }
      ],
      "topic":"T.EBX.PRODUCT.REFERENCEDATA.QA2"
    },
    {
      "destinations":[
        {
          "queue":"Q.EBX.INVENTORY.CREATE.QA2"
        }
      ],
      "topic":"T.EBX.INVENTORY.CREATE.QA2"
    },
    {
      "destinations":[
        {
          "queue":"Q.EBX.FINS.REFERENCEDATA.QA2"
        }
      ],
      "topic":"T.EBX.FINS.REFERENCEDATA.QA2"
    },
    {
      "destinations":[
        {
          "queue":"Q.EBX.FACILITY.UPSERT.LEGACY.QA2"
        },
        {
          "queue":"Q.EBX.FACILITY.UPSERT.LEGACY.OCR.QA2"
        }
      ],
      "topic":"T.EBX.FACILITY.UPSERT.QA2"
    },
    {
      "destinations":[
        {
          "queue":"Q.EBX.FACILITY.REFERENCEDATA.QA2"
        }
      ],
      "topic":"T.EBX.FACILITY.REFERENCEDATA.QA2"
    },
    {
      "destinations":[
        {
          "queue":"Q.EBX.CUSTOMER.CREATE.COMSEDL.QA2"
        },
        {
          "queue":"Q.EBX.CUSTOMER.UPSERT.QA2"
        },
        {
          "queue":"Q.EBX.CUSTOMER.CREATE.CMMS.DEV.QA2"
        },
        {
          "queue":"Q.EBX.CUSTOMER.CREATE.ORCF.QA2"
        }
      ],
      "topic":"T.EBX.CUSTOMER.CREATE.QA2"
    },
    {
      "destinations":[
        {
          "queue":"Q.EBX.PRODUCT.TPI"
        }
      ],
      "topic":"T.EBX.PRODUCT.TPI"
    }
  ],
  "channels":[],
  "durables":[],
  "emsca":{
    "advanced":[],
    "appliance_options":{
      "store_paths":[]
    },
    "emsca_listens":[]
  },
  "factories":[
    {
      "jndinames":[],
      "name":"ConnectionFactory",
      "ssl":{
        "ssl_issuer_list":[],
        "ssl_trusted_list":[]
      },
      "type":"generic",
      "url":"tcp:\/\/7222"
    },
    {
      "jndinames":[],
      "name":"FTConnectionFactory",
      "ssl":{
        "ssl_issuer_list":[],
        "ssl_trusted_list":[]
      },
      "type":"generic",
      "url":"tcp:\/\/localhost:7222,tcp:\/\/localhost:7224"
    },
    {
      "jndinames":[],
      "name":"SSLConnectionFactory",
      "ssl":{
        "ssl_issuer_list":[],
        "ssl_trusted_list":[],
        "ssl_verify_host":false
      },
      "type":"generic",
      "url":"ssl:\/\/7243"
    },
    {
      "jndinames":[],
      "name":"GenericConnectionFactoryQA",
      "ssl":{
        "ssl_issuer_list":[],
        "ssl_trusted_list":[]
      },
      "type":"generic",
      "url":"tcp:\/\/slwdemsqa.shawinc.com:37242"
    },
    {
      "jndinames":[],
      "name":"TopicConnectionFactoryQA",
      "ssl":{
        "ssl_issuer_list":[],
        "ssl_trusted_list":[]
      },
      "type":"topic",
      "url":"tcp:\/\/slwdemsqa.shawinc.com:37242"
    },
    {
      "jndinames":[],
      "name":"QueueConnectionFactoryQA",
      "ssl":{
        "ssl_issuer_list":[],
        "ssl_trusted_list":[]
      },
      "type":"queue",
      "url":"tcp:\/\/slwdemsqa.shawinc.com:37242"
    },
    {
      "jndinames":[],
      "name":"FTTopicConnectionFactory",
      "ssl":{
        "ssl_issuer_list":[],
        "ssl_trusted_list":[]
      },
      "type":"topic",
      "url":"tcp:\/\/slwdemsqa.shawinc.com:37242,tcp:\/\/slwdemsqa.shawinc.com:37244"
    },
    {
      "jndinames":[],
      "name":"FTQueueConnectionFactory",
      "ssl":{
        "ssl_issuer_list":[],
        "ssl_trusted_list":[]
      },
      "type":"queue",
      "url":"tcp:\/\/slwdemsqa.shawinc.com:37242,tcp:\/\/slwdemsqa.shawinc.com:37244"
    },
    {
      "jndinames":[],
      "name":"SSLQueueConnectionFactory",
      "ssl":{
        "ssl_issuer_list":[],
        "ssl_trusted_list":[],
        "ssl_verify_host":false
      },
      "type":"queue",
      "url":"ssl:\/\/7243"
    },
    {
      "jndinames":[],
      "name":"SSLTopicConnectionFactory",
      "ssl":{
        "ssl_issuer_list":[],
        "ssl_trusted_list":[],
        "ssl_verify_host":false
      },
      "type":"topic",
      "url":"ssl:\/\/7243"
    }
  ],
  "groups":[
    {
      "description":"Administrators",
      "members":[
        {
          "name":"admin"
        }
      ],
      "name":"$admin"
    }
  ],
  "model_version":"1.0",
  "queues":[
    {
      "name":">"
    },
    {
      "name":"sample"
    },
    {
      "name":"queue.sample"
    },
    {
      "name":"PS.PORECEIPTS.USF.HS"
    },
    {
      "name":"PS.PORECEIPTS.USF.RP"
    },
    {
      "name":"PS.PORECEIPTS.USF.SI"
    },
    {
      "name":"PS.PORECEIPTS.USF.1R"
    },
    {
      "name":"NSP.PRODUCT.KEYS"
    },
    {
      "name":"Q.EBX.CUSTOMER.CREATE.CMMS"
    },
    {
      "name":"Q.EBX.CUSTOMER.CREATE.CMMS.DEV"
    },
    {
      "name":"Q.EBX.PRODUCT.SELLING"
    },
    {
      "name":"Q.EBX.PRODUCT.SELLINGTOEPM"
    },
    {
      "name":"Q.EBX.PRODUCT.REFERENCEDATA"
    },
    {
      "name":"Q.CDC.SHXP.FS_CREDIT_LINE"
    },
    {
      "name":"Q.EBX.CUSTOMER.UPSERT"
    },
    {
      "name":"Q.CDC.SHXP.COLLECTION_NOTES"
    },
    {
      "name":"Q.EBX.FACILITY.CREATE"
    },
    {
      "name":"Q.EBX.SITE.CREATE"
    },
    {
      "name":"Q.EBX.SITE.UPSERT"
    },
    {
      "name":"Q.EBX.FACILITY.UPSERT.LEGACY"
    },
    {
      "name":"Q.EBX.SITE.UPSERT.LEGACY"
    },
    {
      "name":"Q.EBX.FINS.REFERENCEDATA"
    },
    {
      "name":"test.queue"
    },
    {
      "name":"PS.PORECEIPTS.USF.RR"
    },
    {
      "name":"CDC.SHXP.PRODUCT"
    },
    {
      "name":"Q.EBX.INVENTORY.CREATE"
    },
    {
      "name":"test"
    },
    {
      "name":"Q.EBX.FACILITY.UPSERT.LEGACY.OCR"
    },
    {
      "name":"Q.EBX.SITE.UPSERT.LEGACY.QA2"
    },
    {
      "name":"Q.EBX.FACILITY.UPSERT.LEGACY.OCR.QA2"
    },
    {
      "name":"Q.EBX.SALES.REFERENCEDATA.QA2"
    },
    {
      "name":"Q.EBX.PRODUCT.SELLING.QA2"
    },
    {
      "name":"Q.EBX.PRODUCT.SELLINGTOEPM.QA2"
    },
    {
      "name":"Q.EBX.PRODUCT.REFERENCEDATA.QA2"
    },
    {
      "name":"Q.EBX.INVENTORY.CREATE.QA2"
    },
    {
      "name":"Q.EBX.FINS.REFERENCEDATA.QA2"
    },
    {
      "name":"Q.EBX.FACILITY.UPSERT.LEGACY.QA2"
    },
    {
      "name":"Q.EBX.FACILITY.REFERENCEDATA.QA2"
    },
    {
      "name":"Q.EBX.CUSTOMER.CREATE.CMMS.QA2"
    },
    {
      "name":"Q.EBX.CUSTOMER.UPSERT.QA2"
    },
    {
      "name":"Q.EBX.CUSTOMER.CREATE.CMMS.DEV.QA2"
    },
    {
      "name":"Q.EBX.CUSTOMER.CREATE.COMSEDL.QA2"
    },
    {
      "name":"Q.EBX.CUSTOMER.CREATE.ORCF.QA2"
    },
    {
      "name":"Q.EBX.CUSTOMER.CREATE.CMMS.DEV.PRDBK"
    },
    {
      "name":"Q.EBX.PRODUCT.TPI"
    }
  ],
  "routes":[
    {
      "name":"EMS-SERVER2",
      "url":"tcp:\/\/7022"
    }
  ],
  "stores":[
    {
      "name":"$sys.meta",
      "type":"ftl"
    },
    {
      "name":"$sys.nonfailsafe",
      "type":"ftl"
    },
    {
      "name":"$sys.failsafe",
      "type":"ftl"
    }
  ],
  "tibemsd":{
    "authorization":true,
    "console_trace":null,
    "detailed_statistics":"NONE",
    "flow_control":false,
    "ft_activation":null,
    "ft_active":null,
    "ft_heartbeat":null,
    "ft_reconnect_timeout":null,
    "ft_ssl":{
      "ssl_ciphers":null,
      "ssl_expected_hostname":null,
      "ssl_identity":null,
      "ssl_issuer_list":[],
      "ssl_password":null,
      "ssl_private_key":null,
      "ssl_trusted_list":[],
      "ssl_verify_host":null,
      "ssl_verify_hostname":null
    },
    "jre_options":[],
    "log_trace":null,
    "logfile":"datastore\/logfile",
    "logfile_max_size":null,
    "max_connections":0,
    "max_msg_memory":"2GB",
    "max_stat_memory":"64MB",
    "monitor_ssl":{
      "monitor_ssl_trusted_list":[]
    },
    "msg_swapping":true,
    "multicast":false,
    "password":"$man$4vGA-LGaCILoBRhcGkcv-tyiKeQ",
    "primary_listens":[
      {
        "url":"tcp:\/\/slwdemsqa.shawinc.com:37242"
      }
    ],
    "rate_interval":3,
    "routing":true,
    "secondary_listens":[],
    "server":"EMS-ESB",
    "server_rate_interval":1,
    "ssl":{
      "ssl_cert_user_specname":"CERTIFICATE_USER",
      "ssl_issuer_list":[],
      "ssl_password":null,
      "ssl_require_client_cert":null,
      "ssl_server_ciphers":null,
      "ssl_server_identity":null,
      "ssl_server_key":null,
      "ssl_trusted_list":[],
      "ssl_use_cert_username":null
    },
    "statistics":true,
    "statistics_cleanup_interval":30,
    "store":"datastore",
    "tibrv_transports":null,
    "track_correlation_ids":null,
    "track_message_ids":null
  },
  "tibrvcm":[],
  "topics":[
    {
      "name":">"
    },
    {
      "exporttransport":"RV",
      "name":"topic.sample.exported"
    },
    {
      "importtransport":"RV",
      "name":"topic.sample.imported"
    },
    {
      "name":"sample"
    },
    {
      "name":"topic.sample"
    },
    {
      "name":"CDC.SHXP.CLAIM"
    },
    {
      "name":"NSP.PATTERN.PIXELCOUNTS"
    },
    {
      "name":"CDS.Service"
    },
    {
      "name":"PS.PORECEIPTS.USF.1R"
    },
    {
      "name":"PS.PURCHASEORDERS.V2"
    },
    {
      "name":"PS.SUPPLIERS"
    },
    {
      "name":"NSP.PRODUCT.SAMPLE"
    },
    {
      "name":"NSP.PRODUCT.ESTIMATE"
    },
    {
      "name":"CDC.SHXP.SYS_LOOKUP"
    },
    {
      "name":"T.EBX.CUSTOMER.CREATE"
    },
    {
      "name":"T.EBX.PRODUCT.SELLING"
    },
    {
      "name":"CDC.SHXP.PRODUCT"
    },
    {
      "name":"T.EBX.SALES.REFERENCEDATA"
    },
    {
      "name":"T.EBX.PRODUCT.REFERENCEDATA"
    },
    {
      "name":"CDS.TRYK.WIDEN.QA"
    },
    {
      "name":"CDC.SHXP.FS_CREDIT_LINE"
    },
    {
      "name":"CDC.SHXP.COLLECTION_NOTES"
    },
    {
      "name":"T.EBX.SITE.UPSERT"
    },
    {
      "name":"T.EBX.FACILITY.UPSERT"
    },
    {
      "name":"T.EBX.FACILITY.REFERENCEDATA"
    },
    {
      "name":"T.EBX.FINS.REFERENCEDATA"
    },
    {
      "name":"TOPIC.SHAW.MANHATTAN.SWFO"
    },
    {
      "name":"mss.b2mml.xml.MaterialDefinition",
      "store":"$sys.failsafe"
    },
    {
      "name":"mss.b2mml.xml.OperationsDefinition",
      "store":"$sys.failsafe"
    },
    {
      "name":"mss.b2mml.xml.ResourceRelationshipNetwork",
      "store":"$sys.failsafe"
    },
    {
      "name":"T.EBX.INVENTORY.CREATE"
    },
    {
      "name":"T.EBX.SITE.UPSERT.QA2"
    },
    {
      "name":"T.EBX.SALES.REFERENCEDATA.QA2"
    },
    {
      "name":"T.EBX.PRODUCT.SELLING.QA2"
    },
    {
      "name":"T.EBX.PRODUCT.REFERENCEDATA.QA2"
    },
    {
      "name":"T.EBX.INVENTORY.CREATE.QA2"
    },
    {
      "name":"T.EBX.FINS.REFERENCEDATA.QA2"
    },
    {
      "name":"T.EBX.FACILITY.UPSERT.QA2"
    },
    {
      "name":"T.EBX.FACILITY.REFERENCEDATA.QA2"
    },
    {
      "name":"T.EBX.CUSTOMER.CREATE.QA2"
    },
    {
      "name":"T.EBX.PRODUCT.TPI"
    }
  ],
  "transports":[
    {
      "daemon":null,
      "name":"RV",
      "network":null,
      "service":null,
      "type":"tibrv"
    }
  ],
  "users":[
    {
      "description":"Administrator",
      "name":"admin",
      "password":null
    },
    {
      "description":"Main Server",
      "name":"EMS-ESB",
      "password":null
    },
    {
      "description":"Route Server",
      "name":"EMS-SERVER2",
      "password":null
    },
    {
      "description":"Admin User",
      "name":"adminqa",
      "password":"$2$jsxducVO$ZUtb2atpQuflRFV2Dn\/CE3Wc"
    },
    {
      "description":null,
      "name":"cdcclaimuser",
      "password":"$2$1hbL6Wxy$QLRq77dRbiy+OAZXJZxAu6ew"
    },
    {
      "description":null,
      "name":"ttrcdc",
      "password":"$2$XhNgZvJP$Yr8IQfTt1ltjVFFhDZBAPS1X"
    },
    {
      "description":null,
      "name":"shawtrax",
      "password":"$2$hgKBIF0u$rkyZEs5MBZSC\/VwiGHxv9HP9"
    }
  ]
}

