{
  "acls":[
    {
      "all":true,
      "type":"admin",
      "user":"adminqa"
    }
  ],
  "bridges":[],
  "channels":[],
  "durables":[],
  "emsca":{
    "advanced":[],
    "appliance_options":{
      "store_paths":[]
    },
    "emsca_listens":[]
  },
  "factories":[
    {
      "jndinames":[],
      "name":"ConnectionFactory",
      "ssl":{
        "ssl_issuer_list":[],
        "ssl_trusted_list":[]
      },
      "type":"generic",
      "url":"tcp:\/\/7222"
    },
    {
      "jndinames":[],
      "name":"FTConnectionFactory",
      "ssl":{
        "ssl_issuer_list":[],
        "ssl_trusted_list":[]
      },
      "type":"generic",
      "url":"tcp:\/\/localhost:7222,tcp:\/\/localhost:7224"
    },
    {
      "jndinames":[],
      "name":"SSLConnectionFactory",
      "ssl":{
        "ssl_issuer_list":[],
        "ssl_trusted_list":[],
        "ssl_verify_host":false
      },
      "type":"generic",
      "url":"ssl:\/\/7243"
    },
    {
      "jndinames":[],
      "name":"GenericConnectionFactoryQA",
      "ssl":{
        "ssl_issuer_list":[],
        "ssl_trusted_list":[]
      },
      "type":"generic",
      "url":"tcp:\/\/slwdemsqa.shawinc.com:37232"
    },
    {
      "jndinames":[],
      "name":"TopicConnectionFactoryQA",
      "ssl":{
        "ssl_issuer_list":[],
        "ssl_trusted_list":[]
      },
      "type":"topic",
      "url":"tcp:\/\/slwdemsqa.shawinc.com:37232"
    },
    {
      "jndinames":[],
      "name":"QueueConnectionFactoryQA",
      "ssl":{
        "ssl_issuer_list":[],
        "ssl_trusted_list":[]
      },
      "type":"queue",
      "url":"tcp:\/\/slwdemsqa.shawinc.com:37232"
    },
    {
      "jndinames":[],
      "name":"FTTopicConnectionFactory",
      "ssl":{
        "ssl_issuer_list":[],
        "ssl_trusted_list":[]
      },
      "type":"topic",
      "url":"tcp:\/\/slwdemsqa.shawinc.com:37232,tcp:\/\/slwdemsqa.shawinc.com:37234"
    },
    {
      "jndinames":[],
      "name":"FTQueueConnectionFactory",
      "ssl":{
        "ssl_issuer_list":[],
        "ssl_trusted_list":[]
      },
      "type":"queue",
      "url":"tcp:\/\/slwdemsqa.shawinc.com:37232,tcp:\/\/slwdemsqa.shawinc.com:37234"
    },
    {
      "jndinames":[],
      "name":"SSLQueueConnectionFactory",
      "ssl":{
        "ssl_issuer_list":[],
        "ssl_trusted_list":[],
        "ssl_verify_host":false
      },
      "type":"queue",
      "url":"ssl:\/\/7243"
    },
    {
      "jndinames":[],
      "name":"SSLTopicConnectionFactory",
      "ssl":{
        "ssl_issuer_list":[],
        "ssl_trusted_list":[],
        "ssl_verify_host":false
      },
      "type":"topic",
      "url":"ssl:\/\/7243"
    }
  ],
  "groups":[
    {
      "description":"Administrators",
      "members":[
        {
          "name":"admin"
        }
      ],
      "name":"$admin"
    }
  ],
  "model_version":"1.0",
  "queues":[
    {
      "name":">"
    },
    {
      "name":"sample"
    },
    {
      "name":"queue.sample"
    }
  ],
  "routes":[
    {
      "name":"EMS-SERVER2",
      "url":"tcp:\/\/7022"
    }
  ],
  "stores":[
    {
      "name":"$sys.meta",
      "type":"ftl"
    },
    {
      "name":"$sys.nonfailsafe",
      "type":"ftl"
    },
    {
      "name":"$sys.failsafe",
      "type":"ftl"
    }
  ],
  "tibemsd":{
    "authorization":true,
    "console_trace":null,
    "detailed_statistics":"NONE",
    "flow_control":false,
    "ft_activation":null,
    "ft_active":null,
    "ft_heartbeat":null,
    "ft_reconnect_timeout":null,
    "ft_ssl":{
      "ssl_ciphers":null,
      "ssl_expected_hostname":null,
      "ssl_identity":null,
      "ssl_issuer_list":[],
      "ssl_password":null,
      "ssl_private_key":null,
      "ssl_trusted_list":[],
      "ssl_verify_host":null,
      "ssl_verify_hostname":null
    },
    "jre_options":[],
    "log_trace":null,
    "logfile":"datastore\/logfile",
    "logfile_max_size":null,
    "max_connections":0,
    "max_msg_memory":"1GB",
    "max_stat_memory":"64MB",
    "monitor_ssl":{
      "monitor_ssl_trusted_list":[]
    },
    "msg_swapping":true,
    "multicast":false,
    "password":"$man$2PiJxrbPHAoDcEx3-e2svxWlP28",
    "primary_listens":[
      {
        "url":"tcp:\/\/slwdemsqa.shawinc.com:37232"
      }
    ],
    "rate_interval":3,
    "routing":false,
    "secondary_listens":[],
    "server":"EMS-TIBCOADMIN",
    "server_rate_interval":1,
    "ssl":{
      "ssl_cert_user_specname":"CERTIFICATE_USER",
      "ssl_issuer_list":[],
      "ssl_password":null,
      "ssl_require_client_cert":null,
      "ssl_server_ciphers":null,
      "ssl_server_identity":null,
      "ssl_server_key":null,
      "ssl_trusted_list":[],
      "ssl_use_cert_username":null
    },
    "statistics":true,
    "statistics_cleanup_interval":30,
    "store":"datastore",
    "tibrv_transports":null,
    "track_correlation_ids":null,
    "track_message_ids":null
  },
  "tibrvcm":[],
  "topics":[
    {
      "name":">"
    },
    {
      "exporttransport":"RV",
      "name":"topic.sample.exported"
    },
    {
      "importtransport":"RV",
      "name":"topic.sample.imported"
    },
    {
      "name":"sample"
    },
    {
      "name":"topic.sample"
    }
  ],
  "transports":[
    {
      "daemon":null,
      "name":"RV",
      "network":null,
      "service":null,
      "type":"tibrv"
    }
  ],
  "users":[
    {
      "description":"Administrator",
      "name":"admin",
      "password":null
    },
    {
      "description":"Main Server",
      "name":"EMS-TIBCOADMIN",
      "password":null
    },
    {
      "description":"Route Server",
      "name":"EMS-SERVER2",
      "password":null
    },
    {
      "description":"Admin User",
      "name":"adminqa",
      "password":"$2$Fhkx6H17$WvFZhwkpGt61kUl5OawYTlhb"
    }
  ]
}

