{
  "acls":[
    {
      "all":true,
      "type":"admin",
      "user":"adminqa"
    },
    {
      "browse":true,
      "create":true,
      "delete":true,
      "dest":"Shaw.CommonService.CLE12.EventHandler.Request",
      "modify":true,
      "purge":true,
      "receive":true,
      "send":true,
      "type":"queue",
      "user":"adminqa",
      "view":true
    },
    {
      "browse":true,
      "create":true,
      "delete":true,
      "dest":"Shaw.CommonService.CLE12.Exception.Request",
      "modify":true,
      "purge":true,
      "receive":true,
      "send":true,
      "type":"queue",
      "user":"adminqa",
      "view":true
    },
    {
      "browse":true,
      "create":true,
      "delete":true,
      "dest":"Shaw.CommonService.CLE12.Log.Request",
      "modify":true,
      "purge":true,
      "receive":true,
      "send":true,
      "type":"queue",
      "user":"adminqa",
      "view":true
    },
    {
      "browse":true,
      "create":true,
      "delete":true,
      "dest":"Shaw.CommonService.CLE12.Notification.Request",
      "modify":true,
      "purge":true,
      "receive":true,
      "send":true,
      "type":"queue",
      "user":"adminqa",
      "view":true
    },
    {
      "browse":true,
      "create":true,
      "delete":true,
      "dest":"Shaw.CommonService.CLE12.Resolution.Request",
      "modify":true,
      "purge":true,
      "receive":true,
      "send":true,
      "type":"queue",
      "user":"adminqa",
      "view":true
    },
    {
      "browse":true,
      "create":true,
      "delete":true,
      "dest":"Shaw.CommonService.CLE12.Workflow.Request",
      "modify":true,
      "purge":true,
      "receive":true,
      "send":true,
      "type":"queue",
      "user":"adminqa",
      "view":true
    },
    {
      "create":true,
      "delete":true,
      "dest":"Shaw.CommonService.CLE12.ExceptionCache.Request",
      "durable":true,
      "modify":true,
      "publish":true,
      "purge":true,
      "subscribe":true,
      "type":"topic",
      "use_durable":true,
      "user":"adminqa",
      "view":true
    },
    {
      "create":true,
      "delete":true,
      "dest":"Shaw.CommonService.CLE12.InterfaceCache.Request",
      "durable":true,
      "modify":true,
      "publish":true,
      "purge":true,
      "subscribe":true,
      "type":"topic",
      "use_durable":true,
      "user":"adminqa",
      "view":true
    }
  ],
  "bridges":[],
  "channels":[],
  "durables":[],
  "emsca":{
    "advanced":[],
    "appliance_options":{
      "store_paths":[]
    },
    "emsca_listens":[]
  },
  "factories":[
    {
      "jndinames":[],
      "name":"ConnectionFactory",
      "ssl":{
        "ssl_issuer_list":[],
        "ssl_trusted_list":[]
      },
      "type":"generic",
      "url":"tcp:\/\/7222"
    },
    {
      "jndinames":[],
      "name":"FTConnectionFactory",
      "ssl":{
        "ssl_issuer_list":[],
        "ssl_trusted_list":[]
      },
      "type":"generic",
      "url":"tcp:\/\/localhost:7222,tcp:\/\/localhost:7224"
    },
    {
      "jndinames":[],
      "name":"SSLConnectionFactory",
      "ssl":{
        "ssl_issuer_list":[],
        "ssl_trusted_list":[],
        "ssl_verify_host":false
      },
      "type":"generic",
      "url":"ssl:\/\/7243"
    },
    {
      "jndinames":[],
      "name":"GenericConnectionFactoryQA",
      "ssl":{
        "ssl_issuer_list":[],
        "ssl_trusted_list":[]
      },
      "type":"generic",
      "url":"tcp:\/\/slwdemsqa.shawinc.com:37262"
    },
    {
      "jndinames":[],
      "name":"TopicConnectionFactoryQA",
      "ssl":{
        "ssl_issuer_list":[],
        "ssl_trusted_list":[]
      },
      "type":"topic",
      "url":"tcp:\/\/slwdemsqa.shawinc.com:37262"
    },
    {
      "jndinames":[],
      "name":"QueueConnectionFactoryQA",
      "ssl":{
        "ssl_issuer_list":[],
        "ssl_trusted_list":[]
      },
      "type":"queue",
      "url":"tcp:\/\/slwdemsqa.shawinc.com:37262"
    },
    {
      "jndinames":[],
      "name":"FTTopicConnectionFactory",
      "ssl":{
        "ssl_issuer_list":[],
        "ssl_trusted_list":[]
      },
      "type":"topic",
      "url":"tcp:\/\/slwdemsqa.shawinc.com:37262,tcp:\/\/slwdemsqa.shawinc.com:37264"
    },
    {
      "jndinames":[],
      "name":"FTQueueConnectionFactory",
      "ssl":{
        "ssl_issuer_list":[],
        "ssl_trusted_list":[]
      },
      "type":"queue",
      "url":"tcp:\/\/slwdemsqa.shawinc.com:37262,tcp:\/\/slwdemsqa.shawinc.com:37264"
    },
    {
      "jndinames":[],
      "name":"SSLQueueConnectionFactory",
      "ssl":{
        "ssl_issuer_list":[],
        "ssl_trusted_list":[],
        "ssl_verify_host":false
      },
      "type":"queue",
      "url":"ssl:\/\/7243"
    },
    {
      "jndinames":[],
      "name":"SSLTopicConnectionFactory",
      "ssl":{
        "ssl_issuer_list":[],
        "ssl_trusted_list":[],
        "ssl_verify_host":false
      },
      "type":"topic",
      "url":"ssl:\/\/7243"
    }
  ],
  "groups":[
    {
      "description":"Administrators",
      "members":[
        {
          "name":"admin"
        },
        {
          "name":"adminqa"
        }
      ],
      "name":"$admin"
    },
    {
      "description":"CLE",
      "members":[
        {
          "name":"CLEMDMUSER"
        }
      ],
      "name":"CLEUSERS"
    }
  ],
  "model_version":"1.0",
  "queues":[
    {
      "name":">"
    },
    {
      "name":"sample"
    },
    {
      "name":"queue.sample"
    },
    {
      "maxbytes":"512MB",
      "name":"Shaw.CommonService.CLE12.EventHandler.Request",
      "secure":true
    },
    {
      "maxbytes":"512MB",
      "name":"Shaw.CommonService.CLE12.Exception.Request",
      "secure":true
    },
    {
      "maxbytes":"512MB",
      "name":"Shaw.CommonService.CLE12.Log.Request",
      "secure":true
    },
    {
      "maxbytes":"512MB",
      "name":"Shaw.CommonService.CLE12.Notification.Request",
      "secure":true
    },
    {
      "maxbytes":"512MB",
      "name":"Shaw.CommonService.CLE12.Resolution.Request",
      "secure":true
    },
    {
      "maxbytes":"512MB",
      "name":"Shaw.CommonService.CLE12.Workflow.Request",
      "secure":true
    }
  ],
  "routes":[
    {
      "name":"EMS-SERVER2",
      "url":"tcp:\/\/7022"
    }
  ],
  "stores":[
    {
      "name":"$sys.meta",
      "type":"ftl"
    },
    {
      "name":"$sys.nonfailsafe",
      "type":"ftl"
    },
    {
      "name":"$sys.failsafe",
      "type":"ftl"
    }
  ],
  "tibemsd":{
    "authorization":true,
    "console_trace":null,
    "detailed_statistics":"NONE",
    "flow_control":false,
    "ft_activation":null,
    "ft_active":null,
    "ft_heartbeat":null,
    "ft_reconnect_timeout":null,
    "ft_ssl":{
      "ssl_ciphers":null,
      "ssl_expected_hostname":null,
      "ssl_identity":null,
      "ssl_issuer_list":[],
      "ssl_password":null,
      "ssl_private_key":null,
      "ssl_trusted_list":[],
      "ssl_verify_host":null,
      "ssl_verify_hostname":null
    },
    "jre_options":[],
    "log_trace":null,
    "logfile":"datastore\/logfile",
    "logfile_max_size":null,
    "max_connections":0,
    "max_msg_memory":"2GB",
    "max_stat_memory":"64MB",
    "monitor_ssl":{
      "monitor_ssl_trusted_list":[]
    },
    "msg_swapping":true,
    "multicast":false,
    "password":"$man$EbnID3vp5a8BJWRhaNHk-T2oEcg",
    "primary_listens":[
      {
        "url":"tcp:\/\/slwdemsqa.shawinc.com:37262"
      }
    ],
    "rate_interval":3,
    "routing":true,
    "secondary_listens":[],
    "server":"EMS-CLE",
    "server_rate_interval":1,
    "ssl":{
      "ssl_cert_user_specname":"CERTIFICATE_USER",
      "ssl_issuer_list":[],
      "ssl_password":null,
      "ssl_require_client_cert":null,
      "ssl_server_ciphers":null,
      "ssl_server_identity":null,
      "ssl_server_key":null,
      "ssl_trusted_list":[],
      "ssl_use_cert_username":null
    },
    "statistics":true,
    "statistics_cleanup_interval":30,
    "store":"datastore",
    "tibrv_transports":null,
    "track_correlation_ids":null,
    "track_message_ids":null
  },
  "tibrvcm":[],
  "topics":[
    {
      "name":">"
    },
    {
      "exporttransport":"RV",
      "name":"topic.sample.exported"
    },
    {
      "importtransport":"RV",
      "name":"topic.sample.imported"
    },
    {
      "name":"sample"
    },
    {
      "name":"topic.sample"
    },
    {
      "name":"Shaw.CommonService.CLE12.ExceptionCache.Request"
    },
    {
      "name":"Shaw.CommonService.CLE12.InterfaceCache.Request"
    }
  ],
  "transports":[
    {
      "daemon":null,
      "name":"RV",
      "network":null,
      "service":null,
      "type":"tibrv"
    }
  ],
  "users":[
    {
      "description":"Main Server",
      "name":"EMS-CLE",
      "password":null
    },
    {
      "description":"Route Server",
      "name":"EMS-SERVER2",
      "password":null
    },
    {
      "description":"Admin User",
      "name":"adminqa",
      "password":"$2$NpTGyr\/x$Zh8uVSyz9vRes62NPRdgClMy"
    },
    {
      "description":"Administrator",
      "name":"admin",
      "password":null
    },
    {
      "description":"MDMUSER",
      "name":"CLEMDMUSER",
      "password":"$2$pw5XHnV2$g+uFOCIId+Ng1i55YUzBmHjn"
    }
  ]
}

