{
  "acls":[
    {
      "all":true,
      "type":"admin",
      "user":"adminqa"
    },
    {
      "all":true,
      "type":"admin",
      "user":"ttrcdc"
    },
    {
      "create":true,
      "delete":true,
      "dest":"TOPIC.SHAW.MDM.PRODUCT",
      "durable":true,
      "modify":true,
      "publish":true,
      "purge":true,
      "subscribe":true,
      "type":"topic",
      "use_durable":true,
      "user":"shawtrax",
      "view":true
    },
    {
      "create":true,
      "delete":true,
      "dest":"TOPIC.SHAW.SHAWTRAX.ITEM",
      "durable":true,
      "modify":true,
      "publish":true,
      "purge":true,
      "subscribe":true,
      "type":"topic",
      "use_durable":true,
      "user":"shawtrax",
      "view":true
    },
    {
      "create":true,
      "delete":true,
      "dest":"TOPIC.SHAW.SHAWTRAX.PO",
      "durable":true,
      "modify":true,
      "publish":true,
      "purge":true,
      "subscribe":true,
      "type":"topic",
      "use_durable":true,
      "user":"shawtrax",
      "view":true
    },
    {
      "create":true,
      "delete":true,
      "dest":"TOPIC.SHAW.SHAWTRAX.SUPPLIER",
      "durable":true,
      "modify":true,
      "publish":true,
      "purge":true,
      "subscribe":true,
      "type":"topic",
      "use_durable":true,
      "user":"shawtrax",
      "view":true
    }
  ],
  "bridges":[],
  "channels":[],
  "durables":[],
  "emsca":{
    "advanced":[],
    "appliance_options":{
      "store_paths":[]
    },
    "emsca_listens":[]
  },
  "factories":[
    {
      "jndinames":[],
      "name":"ConnectionFactory",
      "ssl":{
        "ssl_issuer_list":[],
        "ssl_trusted_list":[]
      },
      "type":"generic",
      "url":"tcp:\/\/7222"
    },
    {
      "jndinames":[],
      "name":"FTConnectionFactory",
      "ssl":{
        "ssl_issuer_list":[],
        "ssl_trusted_list":[]
      },
      "type":"generic",
      "url":"tcp:\/\/localhost:7222,tcp:\/\/localhost:7224"
    },
    {
      "jndinames":[],
      "name":"SSLConnectionFactory",
      "ssl":{
        "ssl_issuer_list":[],
        "ssl_trusted_list":[],
        "ssl_verify_host":false
      },
      "type":"generic",
      "url":"ssl:\/\/7243"
    },
    {
      "jndinames":[],
      "name":"GenericConnectionFactoryQA",
      "ssl":{
        "ssl_issuer_list":[],
        "ssl_trusted_list":[]
      },
      "type":"generic",
      "url":"tcp:\/\/slwdemsqa.shawinc.com:37252"
    },
    {
      "jndinames":[],
      "name":"TopicConnectionFactoryQA",
      "ssl":{
        "ssl_issuer_list":[],
        "ssl_trusted_list":[]
      },
      "type":"topic",
      "url":"tcp:\/\/slwdemsqa.shawinc.com:37252"
    },
    {
      "jndinames":[],
      "name":"QueueConnectionFactoryQA",
      "ssl":{
        "ssl_issuer_list":[],
        "ssl_trusted_list":[]
      },
      "type":"queue",
      "url":"tcp:\/\/slwdemsqa.shawinc.com:37252"
    },
    {
      "jndinames":[],
      "name":"FTTopicConnectionFactory",
      "ssl":{
        "ssl_issuer_list":[],
        "ssl_trusted_list":[]
      },
      "type":"topic",
      "url":"tcp:\/\/slwdemsqa.shawinc.com:37252,tcp:\/\/slwdemsqa.shawinc.com:37254"
    },
    {
      "jndinames":[],
      "name":"FTQueueConnectionFactory",
      "ssl":{
        "ssl_issuer_list":[],
        "ssl_trusted_list":[]
      },
      "type":"queue",
      "url":"tcp:\/\/slwdemsqa.shawinc.com:37252,tcp:\/\/slwdemsqa.shawinc.com:37254"
    },
    {
      "jndinames":[],
      "name":"SSLQueueConnectionFactory",
      "ssl":{
        "ssl_issuer_list":[],
        "ssl_trusted_list":[],
        "ssl_verify_host":false
      },
      "type":"queue",
      "url":"ssl:\/\/7243"
    },
    {
      "jndinames":[],
      "name":"SSLTopicConnectionFactory",
      "ssl":{
        "ssl_issuer_list":[],
        "ssl_trusted_list":[],
        "ssl_verify_host":false
      },
      "type":"topic",
      "url":"ssl:\/\/7243"
    },
    {
      "jndinames":[],
      "multicast_enabled":false,
      "name":"XAConnectionFactoryQA",
      "ssl":{
        "ssl_issuer_list":[],
        "ssl_trusted_list":[]
      },
      "type":"xageneric",
      "url":"tcp:\/\/emsqa.shawinc.com:47252"
    }
  ],
  "groups":[
    {
      "description":"Administrators",
      "members":[
        {
          "name":"admin"
        }
      ],
      "name":"$admin"
    }
  ],
  "model_version":"1.0",
  "queues":[
    {
      "name":">"
    },
    {
      "name":"sample"
    },
    {
      "name":"queue.sample"
    },
    {
      "name":"Q_ECM_CORE_ADMIN",
      "store":"$sys.failsafe"
    },
    {
      "name":"Q_ECM_CORE_ASYNC_CALL",
      "store":"$sys.failsafe"
    },
    {
      "name":"Q_ECM_CORE_TEXT_INDEX",
      "store":"$sys.failsafe"
    },
    {
      "name":"Q_ECM_CORE_WORKFLOW",
      "store":"$sys.failsafe"
    },
    {
      "name":"Q_ECM_CORE_INTERNAL_INTGR_MSG",
      "store":"$sys.failsafe"
    },
    {
      "name":"Q_ECM_CORE_COMM_OUTBOUND_MSG",
      "store":"$sys.failsafe"
    },
    {
      "name":"Q_ECM_CORE_COMM_OUTBOUND_MSG_SYNC_REPLY",
      "store":"$sys.failsafe"
    },
    {
      "name":"Q_ECM_CORE_COMM_INBOUND_MSG",
      "store":"$sys.failsafe"
    },
    {
      "name":"Q_ECM_CORE_COMM_INBOUND_MSG_SYNC_REPLY",
      "store":"$sys.failsafe"
    },
    {
      "name":"Q_ECM_CORE_COMM_EVENT",
      "store":"$sys.failsafe"
    },
    {
      "name":"Q_ECM_CORE_COMM_EVENT_SYNC_REPLY",
      "store":"$sys.failsafe"
    },
    {
      "name":"Q_ECM_CORE_COMM_OUTBOUND_MSG_HANDLE",
      "store":"$sys.failsafe"
    },
    {
      "name":"Q_ECM_INTGR_STD_OUTBOUND_INTGR_MSG",
      "store":"$sys.failsafe"
    },
    {
      "name":"Q_ECM_INTGR_STD_INBOUND_INTGR_MSG",
      "store":"$sys.failsafe"
    },
    {
      "name":"Q_ECM_INTGR_STD_INTGR_EVENT",
      "store":"$sys.failsafe"
    },
    {
      "name":"Q_ECM_INTGR_OUTBOUND_INTGR_MSG",
      "store":"$sys.failsafe"
    },
    {
      "name":"Q_ECM_INTGR_INBOUND_INTGR_MSG",
      "store":"$sys.failsafe"
    },
    {
      "name":"Q_ECM_TEST_CHAT"
    },
    {
      "name":"Q_CIM_CUSTOMIZATION_BK2_INBOUND_INTGR_MSG"
    },
    {
      "name":"Q_CIM_CUSTOMIZATION_BK2_OUTBOUND_INTGR_MSG"
    },
    {
      "name":"Q_CIM_CUSTOMIZATION_BK1_OUTBOUND_INTGR_MSG"
    },
    {
      "name":"Q_CIM_CUSTOMIZATION_BK1_INBOUND_INTGR_MSG"
    },
    {
      "name":"Q_ECM_INTGR_CNE"
    },
    {
      "name":"Q_SHAW_ASSET_OUTBOUND"
    },
    {
      "name":"Q_SHAW_FIBER_OUTBOUND"
    },
    {
      "name":"Q_SHAW_PRODUCT_OUTBOUND"
    },
    {
      "name":"Q_SHAW_LOOKUP_OUTBOUND"
    },
    {
      "name":"Q_SHAW_PEOPLESOFT_COUNTRY_PUBLISH"
    },
    {
      "name":"Q_SHAW_PEOPLESOFT_VENDOR_PUBLISH"
    },
    {
      "name":"Q_SHAW_PROCESS_OUTBOUND"
    },
    {
      "name":"Q_TTR"
    },
    {
      "name":"Q_SHAW_PEOPLESOFT_COST_CENTER_PUBLISH"
    },
    {
      "name":"Q_SHAW_FACILITY_OUTBOUND"
    },
    {
      "name":"Q_SHAW_SELLINGPRODUCT_DROPS"
    }
  ],
  "routes":[
    {
      "name":"EMS-SERVER2",
      "url":"tcp:\/\/7022"
    }
  ],
  "stores":[
    {
      "name":"$sys.meta",
      "type":"ftl"
    },
    {
      "name":"$sys.nonfailsafe",
      "type":"ftl"
    },
    {
      "name":"$sys.failsafe",
      "type":"ftl"
    }
  ],
  "tibemsd":{
    "authorization":true,
    "console_trace":null,
    "detailed_statistics":"NONE",
    "flow_control":false,
    "ft_activation":null,
    "ft_active":null,
    "ft_heartbeat":null,
    "ft_reconnect_timeout":null,
    "ft_ssl":{
      "ssl_ciphers":null,
      "ssl_expected_hostname":null,
      "ssl_identity":null,
      "ssl_issuer_list":[],
      "ssl_password":null,
      "ssl_private_key":null,
      "ssl_trusted_list":[],
      "ssl_verify_host":null,
      "ssl_verify_hostname":null
    },
    "jre_options":[],
    "log_trace":null,
    "logfile":"datastore\/logfile",
    "logfile_max_size":null,
    "max_connections":0,
    "max_msg_memory":"1GB",
    "max_stat_memory":"64MB",
    "monitor_ssl":{
      "monitor_ssl_trusted_list":[]
    },
    "msg_swapping":true,
    "multicast":false,
    "password":null,
    "primary_listens":[
      {
        "url":"tcp:\/\/slwdemsqa.shawinc.com:37252"
      }
    ],
    "rate_interval":3,
    "routing":true,
    "secondary_listens":[],
    "server":"EMS-CIM",
    "server_rate_interval":1,
    "ssl":{
      "ssl_cert_user_specname":"CERTIFICATE_USER",
      "ssl_issuer_list":[],
      "ssl_password":null,
      "ssl_require_client_cert":null,
      "ssl_server_ciphers":null,
      "ssl_server_identity":null,
      "ssl_server_key":null,
      "ssl_trusted_list":[],
      "ssl_use_cert_username":null
    },
    "statistics":true,
    "statistics_cleanup_interval":30,
    "store":"datastore",
    "tibrv_transports":null,
    "track_correlation_ids":null,
    "track_message_ids":null
  },
  "tibrvcm":[],
  "topics":[
    {
      "name":">"
    },
    {
      "exporttransport":"RV",
      "name":"topic.sample.exported"
    },
    {
      "importtransport":"RV",
      "name":"topic.sample.imported"
    },
    {
      "name":"sample"
    },
    {
      "name":"topic.sample"
    },
    {
      "name":"T_ECM_CORE_ADMIN",
      "store":"$sys.failsafe"
    },
    {
      "name":"T_ECM_CORE_ASYNC_CALL",
      "store":"$sys.failsafe"
    },
    {
      "name":"T_ECM_CORE_RULE_CACHE",
      "store":"$sys.failsafe"
    },
    {
      "name":"T_ECM_CORE_DB_RESOURCES",
      "store":"$sys.failsafe"
    },
    {
      "name":"T_ECM_TEST_CHAT"
    },
    {
      "name":"T_SHAW.MDM.PRODUCT"
    },
    {
      "name":"CDC.SHXP.ROLL_DETAIL"
    },
    {
      "name":"T_SHAW.MDM.FACILITY"
    },
    {
      "name":"T_SHAW.MDM.PROCESS"
    },
    {
      "name":"T_SHAW.MDM.PROCESS_FACILITY"
    },
    {
      "name":"T_SHAW.MDM.FACILITY.MACHINE"
    },
    {
      "name":"T_SHAW.MDM.FACILITY.PLANT"
    },
    {
      "name":"TOPIC.SHAW.MDM.ASSET.V1"
    },
    {
      "name":"TOPIC.SHAW.MDM.ASSET"
    },
    {
      "name":"TOPIC.SHAW.MDM.LOOKUP"
    },
    {
      "name":"TOPIC.SHAW.SHAWTRAX.PO"
    },
    {
      "name":"TOPIC.SHAW.SHAWTRAX.SUPPLIER"
    },
    {
      "name":"TOPIC.SHAW.SHAWTRAX.ITEM"
    },
    {
      "name":"TOPIC.SHAW.MDM.ODS"
    },
    {
      "name":"TOPIC.SHAW.REPLEVENT.PRODUCT"
    },
    {
      "name":"TOPIC.SHAW.REPLEVENT.INVENTORY"
    },
    {
      "name":"TOPIC.SHAW.MANHATTAN.SWFO"
    }
  ],
  "transports":[
    {
      "daemon":null,
      "name":"RV",
      "network":null,
      "service":null,
      "type":"tibrv"
    }
  ],
  "users":[
    {
      "description":"Administrator",
      "name":"admin",
      "password":null
    },
    {
      "description":"Main Server",
      "name":"EMS-CIM",
      "password":null
    },
    {
      "description":"Route Server",
      "name":"EMS-SERVER2",
      "password":null
    },
    {
      "description":"Admin User",
      "name":"adminqa",
      "password":"$2$B4IcbHYz$KSwFzcR9C0d+Yfcdpb+OWAED"
    },
    {
      "description":null,
      "name":"ttrcdc",
      "password":"$2$Fw3igQBa$GNWTEWdevAobzBfIqWx9mhuw"
    },
    {
      "description":null,
      "name":"shawtrax",
      "password":"$2$Wo1I142t$TM\/mAu8arWkyMetO4pF9VIjB"
    },
    {
      "description":"Audrey Huff p\/w shawlms",
      "name":"shawlms",
      "password":"$2$MI9GAQru$5ssUkLShDxi2A\/tL8BCfFYz3"
    }
  ]
}

